Title,Text,Storage,Date
Climate Change Agreement Reached,World leaders have reached a historic agreement to combat climate change.,Online,15-08-2024
New Cancer Treatment Discovered,Scientists have discovered a new treatment that significantly reduces cancer cells.,Medical Journals,12-08-2024
Breakthrough in Quantum Computing,"Researchers have made a breakthrough in quantum computing, paving the way for faster processing.",Tech Magazines,10-08-2024
Elections Conclude Peacefully,The national elections concluded peacefully with a high voter turnout.,Newspaper,05-08-2024
Stock Market Hits Record High,"The stock market reached a record high today, boosting investor confidence.",Financial News,03-08-2024
Historic Space Mission Launched,"A historic space mission was launched today, aiming to explore distant planets.",Science Journals,28-07-2024
New Education Policy Announced,The government announced a new education policy focusing on digital literacy.,Government Website,25-07-2024
Major Tech Company Announces Merger,"Two major tech companies announced a merger, promising innovative products.",Business News,22-07-2024
Medical Breakthrough in Gene Therapy,A new gene therapy has been developed to treat rare genetic disorders.,Medical Journals,20-07-2024
Natural Disaster Relief Efforts,Relief efforts are underway following a natural disaster that affected thousands.,News Channels,18-07-2024
